equipmentType,equipmentDemand,currentCost
Ketllebells,19.51236767676768,20.0
Dumbbells,3.34753900913901,50.0
Bench Press,3.1908561808561813,1.5
Threadmill,6.102337277537277,5.0
Elliptical,3.2360683020683023,30.0
Threadmill,6.102337277537277,50.0
BenchPress,3.2637571909571914,100.0
Bar,1.8504929292929293,2.0
type,4.557766734006733,1.0
Брусся,0.0,12.0
