equipmentType,equipmentDemand,currentCost
Treadmill,0.0,1.0
Stationary Bike,1.2850102292768966,2.0
Rowing Machine,1.3338182824582827,2.0
Elliptical Trainer,1.3195155284221953,2.0
Leg Press Machine,0.0,3.0
Dumbbells (Set),0.9110183584316918,1.0
Bench Press Machine,0.48920946411613087,3.0
Pull-Up Bar,0.4444550481617149,0.5
Boxing Bag,0.0,1.0
Yoga Mat,0.0,2.0
test,0.0,2.0
test equip,0.6515069868403203,2.0
гантелі 3,0.4544539085605752,1.0
"штанга ",0.5506202903269571,2.0
